[{"Last":"Aftanas","First":"Gillian","Grade":"9","Country":"United States","City":"New York City","location":{"coords":[{"latitude":40.7143528,"longitude":-74.00597309999999,"country":"United States","city":"New York","state":"New York","stateCode":"NY","zipcode":null,"streetName":null,"streetNumber":null,"countryCode":"US"}]}},{"Last":"Almzayyen","First":"Anat","Grade":"12","Country":"Palestine","City":"Ramallah","location":{"coords":[{"latitude":31.9049322,"longitude":35.2044418,"country":null,"city":"Ramallah","state":null,"stateCode":null,"zipcode":null,"streetName":null,"streetNumber":null,"countryCode":null}]}},{"Last":"Annis","First":"Liam","Grade":"12","Country":"Canada","City":"Vancouver","location":{"coords":[{"latitude":49.261226,"longitude":-123.1139268,"country":"Canada","city":"Vancouver","state":"British Columbia","stateCode":"BC","zipcode":null,"streetName":null,"streetNumber":null,"countryCode":"CA"}]}},{"Last":"Beirl","First":"Luisa","Grade":"12","Country":"Austrialia","City":"Paradise Island","location":{"coords":[{"latitude":-28.006288,"longitude":153.4253754,"country":"Australia","city":"Gold Coast","state":"Queensland","stateCode":"QLD","zipcode":"4217","streetName":null,"streetNumber":null,"countryCode":"AU"}]}},{"Last":"Benson","First":"Antonia","Grade":"12","Country":"United States","City":"Boston","location":{"coords":[{"latitude":42.3584308,"longitude":-71.0597732,"country":"United States","city":"Boston","state":"Massachusetts","stateCode":"MA","zipcode":null,"streetName":null,"streetNumber":null,"countryCode":"US"}]}},{"Last":"Cassello","First":"Hudson","Grade":"11","Country":"United States","City":"Branford","location":{"coords":[{"latitude":41.2799027,"longitude":-72.81411849999999,"country":"United States","city":"Branford","state":"Connecticut","stateCode":"CT","zipcode":null,"streetName":null,"streetNumber":null,"countryCode":"US"}]}},{"Last":"Cho","First":"Hannah","Grade":"11","Country":"Singapore","City":"Singapore","location":{"coords":[{"latitude":1.2800945,"longitude":103.8509491,"country":"Singapore","city":"Singapore","state":null,"stateCode":null,"zipcode":null,"streetName":null,"streetNumber":null,"countryCode":"SG"}]}},{"Last":"de Jong","First":"Gijs","Grade":"12","Country":"Belgium","City":"Lanaken","location":{"coords":[{"latitude":50.8919647,"longitude":5.6572276,"country":"Belgium","city":"Lanaken","state":"Flanders","stateCode":"Flanders","zipcode":null,"streetName":null,"streetNumber":null,"countryCode":"BE"}]}},{"Last":"Dobier","First":"Bailey","Grade":"12","Country":"New Zealand","City":"Christchurch","location":{"coords":[{"latitude":-43.5320544,"longitude":172.6362254,"country":"New Zealand","city":"Christchurch","state":"Canterbury","stateCode":"Canterbury","zipcode":null,"streetName":null,"streetNumber":null,"countryCode":"NZ"}]}},{"Last":"Dollery","First":"Emma","Grade":"11","Country":"Zimbabwe","City":"Harare","location":{"coords":[{"latitude":-17.82922,"longitude":31.053961,"country":"Zimbabwe","city":"Harare","state":"Harare","stateCode":"Harare","zipcode":null,"streetName":null,"streetNumber":null,"countryCode":"ZW"}]}},{"Last":"Dollery","First":"Jonah","Grade":"9","Country":"Zimbabwe","City":"Harare","location":{"coords":[{"latitude":-17.82922,"longitude":31.053961,"country":"Zimbabwe","city":"Harare","state":"Harare","stateCode":"Harare","zipcode":null,"streetName":null,"streetNumber":null,"countryCode":"ZW"}]}},{"Last":"Forlsand","First":"Isaac","Grade":"11","Country":"Canada","City":"Comox","location":{"coords":[{"latitude":49.6735133,"longitude":-124.9282659,"country":"Canada","city":"Comox","state":"British Columbia","stateCode":"BC","zipcode":null,"streetName":null,"streetNumber":null,"countryCode":"CA"}]}},{"Last":"Froese","First":"Kiana","Grade":"9","Country":"Canada","City":"Red Deer","location":{"coords":[{"latitude":52.2681118,"longitude":-113.8112386,"country":"Canada","city":"Red Deer","state":"Alberta","stateCode":"AB","zipcode":null,"streetName":null,"streetNumber":null,"countryCode":"CA"}]}},{"Last":"Hartley","First":"Joseph","Grade":"11","Country":"England","City":"Bideford","location":{"coords":[{"latitude":51.016684,"longitude":-4.206666,"country":"United Kingdom","city":"Bideford","state":"England","stateCode":"England","zipcode":null,"streetName":null,"streetNumber":null,"countryCode":"GB"}]}},{"Last":"Kedzlie","First":"Megan","Grade":"12","Country":"England","City":"London","location":{"coords":[{"latitude":51.508515,"longitude":-0.1254872,"country":"United Kingdom","city":"London","state":null,"stateCode":null,"zipcode":null,"streetName":null,"streetNumber":null,"countryCode":"GB"}]}},{"Last":"Leslie","First":"Cameron","Grade":"12","Country":"Australia","City":"Wattamolla","location":{"coords":[{"latitude":-34.7280612,"longitude":150.6409382,"country":"Australia","city":"Wattamolla","state":"New South Wales","stateCode":"NSW","zipcode":"2535","streetName":null,"streetNumber":null,"countryCode":"AU"}]}},{"Last":"Massey","First":"Alexis","Grade":"9","Country":"United States","City":"Enumclaw","location":{"coords":[{"latitude":47.2042681,"longitude":-121.9915003,"country":"United States","city":"Enumclaw","state":"Washington","stateCode":"WA","zipcode":null,"streetName":null,"streetNumber":null,"countryCode":"US"}]}},{"Last":"McAndrew","First":"Sian","Grade":"11","Country":"Australia","City":"Hexham","location":{"coords":[{"latitude":-32.8280615,"longitude":151.6847138,"country":"Australia","city":"Hexham","state":"New South Wales","stateCode":"NSW","zipcode":null,"streetName":null,"streetNumber":null,"countryCode":"AU"}]}},{"Last":"McPike","First":"Alexander","Grade":"12","Country":"Bahamas","City":"Nassau","location":{"coords":[{"latitude":25.06,"longitude":-77.345,"country":"The Bahamas","city":"Nassau","state":"New Providence","stateCode":"New Providence","zipcode":null,"streetName":null,"streetNumber":null,"countryCode":"BS"}]}},{"Last":"Medrano-Carrillo","First":"Melissa","Grade":"11","Country":"Mexico","City":"Chihuahua","location":{"coords":[{"latitude":28.6329957,"longitude":-106.0691004,"country":"Mexico","city":"Chihuahua","state":"Chihuahua","stateCode":"CHIH","zipcode":null,"streetName":null,"streetNumber":null,"countryCode":"MX"}]}},{"Last":"Morris","First":"Sydney","Grade":"10","Country":"United States","City":"Saint Peters","location":{"coords":[{"latitude":38.7874699,"longitude":-90.6298922,"country":"United States","city":"St. Peters","state":"Missouri","stateCode":"MO","zipcode":null,"streetName":null,"streetNumber":null,"countryCode":"US"}]}},{"Last":"Ouhabi","First":"Fatima","Grade":"10","Country":"Morocco","City":"Meknes","location":{"coords":[{"latitude":33.895,"longitude":-5.5547222,"country":"Morocco","city":"Meknes","state":"Meknes-Tafilalet","stateCode":"Meknes-Tafilalet","zipcode":null,"streetName":null,"streetNumber":null,"countryCode":"MA"}]}},{"Last":"Pham","First":"Quynh Chau","Grade":"11","Country":"Viet Nam","City":"Hanoi","location":{"coords":[{"latitude":21.0333333,"longitude":105.85,"country":"Vietnam","city":"Hanoi","state":"Hanoi","stateCode":"Hanoi","zipcode":null,"streetName":null,"streetNumber":null,"countryCode":"VN"}]}},{"Last":"Pruksachatkun","First":"Yada","Grade":"12","Country":"Thailand","City":"Chiang Mai","location":{"coords":[{"latitude":18.7877477,"longitude":98.9931311,"country":"Thailand","city":null,"state":"Chiang Mai","stateCode":"Chiang Mai","zipcode":null,"streetName":null,"streetNumber":null,"countryCode":"TH"}]}},{"Last":"Ribadeneira","First":"Alejandro","Grade":"11","Country":"Ecuador","City":"Quito","location":{"coords":[{"latitude":-0.2170967,"longitude":-78.5169882,"country":"Ecuador","city":"Quito","state":"Pichincha","stateCode":"Pichincha","zipcode":null,"streetName":null,"streetNumber":null,"countryCode":"EC"}]}},{"Last":"Richardson","First":"Danielle","Grade":"9","Country":"Switzerland","City":"Vaud","location":{"coords":[{"latitude":46.5613135,"longitude":6.536765,"country":"Switzerland","city":null,"state":"Vaud","stateCode":"VD","zipcode":null,"streetName":null,"streetNumber":null,"countryCode":"CH"}]}},{"Last":"Rinzin","First":"Yodsel","Grade":"10","Country":"Bhutan","City":"Thimpu","location":{"coords":[{"latitude":27.44261,"longitude":89.667328,"country":"Bhutan","city":"Thimphu","state":"Thimphu","stateCode":"Thimphu","zipcode":null,"streetName":null,"streetNumber":null,"countryCode":"BT"}]}},{"Last":"Sakhi","First":"Ahmad","Grade":"12","Country":"Afghanistan","City":"Kabul","location":{"coords":[{"latitude":34.528455,"longitude":69.1717029,"country":"Afghanistan","city":"Kabul","state":"Kabul","stateCode":"Kabul","zipcode":null,"streetName":null,"streetNumber":null,"countryCode":"AF"}]}},{"Last":"Sand","First":"Cameron","Grade":"11","Country":"United States","City":"Moorestown","location":{"coords":[{"latitude":39.9688817,"longitude":-74.948886,"country":"United States","city":"Moorestown","state":"New Jersey","stateCode":"NJ","zipcode":null,"streetName":null,"streetNumber":null,"countryCode":"US"}]}},{"Last":"Schiller","First":"Julia","Grade":"11","Country":"Brazil","City":"Rio de Janeiro","location":{"coords":[{"latitude":-22.9133954,"longitude":-43.20071009999999,"country":"Brazil","city":"Rio","state":"Rio de Janeiro","stateCode":"RJ","zipcode":null,"streetName":null,"streetNumber":null,"countryCode":"BR"}]}},{"Last":"Schmidt-Engelbertz","First":"Paul","Grade":"10","Country":"Germany","City":"Hamburg","location":{"coords":[{"latitude":53.5510846,"longitude":9.9936818,"country":"Germany","city":"Hamburg","state":"Hamburg","stateCode":"HH","zipcode":null,"streetName":null,"streetNumber":null,"countryCode":"DE"}]}},{"Last":"Schwartz","First":"Madeline","Grade":"10","Country":"United States","City":"Dobbs Ferry","location":{"coords":[{"latitude":41.0145418,"longitude":-73.87263500000002,"country":"United States","city":"Dobbs Ferry","state":"New York","stateCode":"NY","zipcode":null,"streetName":null,"streetNumber":null,"countryCode":"US"}]}},{"Last":"Seger","First":"Tiana","Grade":"10","Country":"Ecuador","City":"Quito","location":{"coords":[{"latitude":-0.2170967,"longitude":-78.5169882,"country":"Ecuador","city":"Quito","state":"Pichincha","stateCode":"Pichincha","zipcode":null,"streetName":null,"streetNumber":null,"countryCode":"EC"}]}},{"Last":"Seldon","First":"Gawa","Grade":"11","Country":"Bhutan","City":"Thimpu","location":{"coords":[{"latitude":27.44261,"longitude":89.667328,"country":"Bhutan","city":"Thimphu","state":"Thimphu","stateCode":"Thimphu","zipcode":null,"streetName":null,"streetNumber":null,"countryCode":"BT"}]}},{"Last":"Shetler","First":"Cameron","Grade":"10","Country":"United States","City":"Saratoga","location":{"coords":[{"latitude":37.2638324,"longitude":-122.0230146,"country":"United States","city":"Saratoga","state":"California","stateCode":"CA","zipcode":null,"streetName":null,"streetNumber":null,"countryCode":"US"}]}},{"Last":"Smuthkochorn","First":"Charis","Grade":"12","Country":"Thailand","City":"Bangkok","location":{"coords":[{"latitude":13.7278956,"longitude":100.5241235,"country":"Thailand","city":"Bangkok","state":null,"stateCode":null,"zipcode":null,"streetName":null,"streetNumber":null,"countryCode":"TH"}]}},{"Last":"Stenger","First":"Grant","Grade":"9","Country":"United States","City":"Saratoga","location":{"coords":[{"latitude":37.2638324,"longitude":-122.0230146,"country":"United States","city":"Saratoga","state":"California","stateCode":"CA","zipcode":null,"streetName":null,"streetNumber":null,"countryCode":"US"}]}},{"Last":"Surnin","First":"Mark","Grade":"12","Country":"Russian Fed.","City":"Novouralsk","location":{"coords":[{"latitude":57.25,"longitude":60.08333329999999,"country":"Russia","city":"Novouralsk","state":"Sverdlovskaya oblast","stateCode":"Sverdlovskaya oblast","zipcode":null,"streetName":null,"streetNumber":null,"countryCode":"RU"}]}},{"Last":"Tannirandorn","First":"Variya","Grade":"9","Country":"Thailand","City":"Bangkok","location":{"coords":[{"latitude":13.7278956,"longitude":100.5241235,"country":"Thailand","city":"Bangkok","state":null,"stateCode":null,"zipcode":null,"streetName":null,"streetNumber":null,"countryCode":"TH"}]}},{"Last":"Toomus","First":"Liisa","Grade":"11","Country":"Sweden","City":"Jonsered","location":{"coords":[{"latitude":57.74559439999999,"longitude":12.1739021,"country":"Sweden","city":"Jonsered","state":"Västra Götaland County","stateCode":"Västra Götaland County","zipcode":null,"streetName":null,"streetNumber":null,"countryCode":"SE"}]}},{"Last":"Tshering","First":"Pema","Grade":"12","Country":"Bhutan","City":"Thimpu","location":{"coords":[{"latitude":27.44261,"longitude":89.667328,"country":"Bhutan","city":"Thimphu","state":"Thimphu","stateCode":"Thimphu","zipcode":null,"streetName":null,"streetNumber":null,"countryCode":"BT"}]}},{"Last":"Tuma-Navarro","First":"David","Grade":"12","Country":"United States","City":"Peoria","location":{"coords":[{"latitude":40.6936488,"longitude":-89.5889864,"country":"United States","city":"Peoria","state":"Illinois","stateCode":"IL","zipcode":null,"streetName":null,"streetNumber":null,"countryCode":"US"}]}},{"Last":"Witkke","First":"River","Grade":"10","Country":"United States","City":"Helena","location":{"coords":[{"latitude":46.5958056,"longitude":-112.0270306,"country":"United States","city":"Helena","state":"Montana","stateCode":"MT","zipcode":null,"streetName":null,"streetNumber":null,"countryCode":"US"}]}},{"Last":"Yangzom","First":"Galek","Grade":"9","Country":"Bhutan","City":"Thimpu","location":{"coords":[{"latitude":27.44261,"longitude":89.667328,"country":"Bhutan","city":"Thimphu","state":"Thimphu","stateCode":"Thimphu","zipcode":null,"streetName":null,"streetNumber":null,"countryCode":"BT"}]}}]